ASIN,brand,父ASIN,parent_norm,month,quarter,小类BSR,月销量,月销售额($),variant_rank,variant_kept,adj_sales,adj_revenue,价格($),评分,评分数,包装尺寸分段
B00T02NVC8,TCMT,B00T02NVC8,B00T02NVC8,202601,2026Q1,178,48,2395,1,True,48,2395,49.9,4.4,85.0,大号大件
B01BMDL1QK,SuperATV,B01BMDL1QK,B01BMDL1QK,202601,2026Q1,125,57,25047,1,True,57,25047,524.85,4.7,294.0,超大尺寸：70 至 150 磅（不含 70 磅）
B074N7N5NG,SuperATV,B074N7N5NG,B074N7N5NG,202601,2026Q1,42,92,35920,1,True,92,35920,390.08,4.5,658.0,超大尺寸：70 至 150 磅（不含 70 磅）
B07566YMMW,XMT-MOTO,B07566YMMW,B07566YMMW,202601,2026Q1,29,90,4463,1,True,90,4463,49.59,4.1,373.0,大号大件
B07JGYRTQ4,SuperATV,B07JGYRTQ4,B07JGYRTQ4,202601,2026Q1,46,77,12316,1,True,77,12316,159.95,4.4,92.0,超大尺寸：0 至 50 磅
B07RHMT787,KEMIMOTO,B07RHMT787,B07RHMT787,202601,2026Q1,38,56,2519,1,True,56,2519,44.99,3.9,302.0,大号大件
B07WFFR2XD,KEMIMOTO,B07WFFR2XD,B07WFFR2XD,202601,2026Q1,11,98,3702,1,True,98,3702,35.99,4.6,545.0,大号大件
B08692M2ST,SLMOTO,B08692M2ST,B08692M2ST,202601,2026Q1,297,67,3322,1,True,67,3322,49.59,4.3,79.0,
B087W9WYXC,Kolpin,B087W9WYXC,B087W9WYXC,202601,2026Q1,707,68,30368,1,True,68,30368,782.21,4.4,59.0,超大尺寸：70 至 150 磅（不含 70 磅）
B08Z2Y8BHP,ECOTRIC,B08Z2Y8BHP,B08Z2Y8BHP,202601,2026Q1,7,157,38612,1,True,157,38612,252.0,4.4,286.0,大号大件
B0928GZLS6,KEMIMOTO,B0928GZLS6,B0928GZLS6,202601,2026Q1,137,61,2956,1,True,61,2956,42.99,4.4,238.0,大号大件
B093LRTQRM,SuperATV,B093LRTQRM,B093LRTQRM,202601,2026Q1,78,56,8397,1,True,56,8397,149.95,4.6,111.0,超大尺寸：0 至 50 磅
B099RBN34B,KEMIMOTO,B099RBN34B,B099RBN34B,202601,2026Q1,32,149,19368,1,True,149,19368,129.99,4.4,161.0,大号大件
B07TDJS3BT,SuperATV,B09HN67C6G,B09HN67C6G,202601,2026Q1,18,93,15468,1,True,93,15468,149.95,4.3,480.0,大号大件
B09TW568BT,HECASA,B09TW568BT,B09TW568BT,202601,2026Q1,61,63,17091,1,True,63,17091,278.9,3.7,74.0,超大尺寸：0 至 50 磅
B09VKCZ31Q,Chikia,B09VKCZ31Q,B09VKCZ31Q,202601,2026Q1,69,50,1849,1,True,50,1849,39.59,4.4,120.0,大号标准尺寸
B0B17GYM8N,Kojem,B0B1CY4VFT,B0B1CY4VFT,202601,2026Q1,212,68,13797,1,True,68,13797,198.54,4.0,51.0,大号大件
B09QFL93C1,WYNMOTO,B0B2K7Y4CK,B0B2K7Y4CK,202601,2026Q1,5,271,8387,1,True,271,8387,30.95,4.6,1225.0,大号大件
B0B39GGC1S,SuperATV,B0B39GGC1S,B0B39GGC1S,202601,2026Q1,240,61,7316,1,True,61,7316,119.95,4.5,30.0,大号大件
B0B5TMDN52,StarknightMT,B0B5TMDN52,B0B5TMDN52,202601,2026Q1,36,123,9996,1,True,123,9996,79.99,4.6,163.0,大号大件
B01M273G7T,Amazicha,B0B5ZPR42C,B0B5ZPR42C,202601,2026Q1,6,253,7944,1,True,253,7944,29.99,4.4,5143.0,大号大件
B09T6VBJF4,Motoforti,B0B9X7VJKV,B0B9X7VJKV,202601,2026Q1,13,108,3022,1,True,108,3022,27.99,4.1,223.0,大号标准尺寸
B0BRJ9V5BH,StarknightMT,B0BRJ9V5BH,B0BRJ9V5BH,202601,2026Q1,126,72,1947,1,True,72,1947,26.99,4.3,144.0,大号标准尺寸
B0BRJCJZJC,StarknightMT,B0BRJCJZJC,B0BRJCJZJC,202601,2026Q1,51,75,3633,1,True,75,3633,44.0,4.4,103.0,大号标准尺寸
B0BRKJ5VGL,StarknightMT,B0BRKJ5VGL,B0BRKJ5VGL,202601,2026Q1,14,73,3138,1,True,73,3138,42.99,4.6,123.0,大号标准尺寸
B0BRKRCVRQ,StarknightMT,B0BRKRCVRQ,B0BRKRCVRQ,202601,2026Q1,26,107,4179,1,True,107,4179,37.99,4.6,155.0,大号标准尺寸
B0BRXVN1KT,QYMOTO,B0BRXVN1KT,B0BRXVN1KT,202601,2026Q1,30,90,4319,1,True,90,4319,47.99,4.5,45.0,大号标准尺寸
B0BTT5DJGQ,StarknightMT,B0BTT5DJGQ,B0BTT5DJGQ,202601,2026Q1,50,53,6503,1,True,53,6503,119.99,4.5,108.0,大号大件
B0BW9QQD81,SuperATV,B0BW9QQD81,B0BW9QQD81,202601,2026Q1,210,34,5438,1,True,34,5438,159.95,3.9,8.0,超大尺寸：50 到 70 磅（不含 50 磅）
B0C2PDZNLY,StarknightMT,B0C2PDZNLY,B0C2PDZNLY,202601,2026Q1,29,117,26322,1,True,117,26322,224.98,4.7,84.0,大号大件
B0CBP597QR,StarknightMT,B0CBP597QR,B0CBP597QR,202601,2026Q1,8,176,5586,1,True,176,5586,32.99,4.4,106.0,大号标准尺寸
B0CDR94NLD,StarknightMT,B0CDR94NLD,B0CDR94NLD,202601,2026Q1,65,84,8651,1,True,84,8651,102.99,4.5,63.0,大号大件
B0BRKHCC1X,StarknightMT,B0CFVF3X13,B0CFVF3X13,202601,2026Q1,49,61,9693,1,True,61,9693,159.99,4.4,106.0,大号大件
B0CHRLS64N,KEMIMOTO,B0CHRLS64N,B0CHRLS64N,202601,2026Q1,31,109,5440,1,True,109,5440,49.99,4.5,53.0,大号标准尺寸
B0CJM88X4K,HECASA,B0CJM88X4K,B0CJM88X4K,202601,2026Q1,48,82,4077,1,True,82,4077,48.99,3.8,50.0,大号大件
B0CMZTFTC7,YONQIFON,B0CMZTFTC7,B0CMZTFTC7,202601,2026Q1,159,47,2225,1,True,47,2225,45.59,4.3,58.0,大号标准尺寸
B0CN9KDR1L,KEMIMOTO,B0CN9KDR1L,B0CN9KDR1L,202601,2026Q1,58,78,17667,1,True,78,17667,225.99,3.7,79.0,超大尺寸：50 到 70 磅（不含 50 磅）
B0BDD7GWGR,StarknightMT,B0CNX8P9PF,B0CNX8P9PF,202601,2026Q1,90,90,11699,1,True,90,11699,129.99,4.5,116.0,大号大件
B0CYQ1G4WJ,StarknightMT,B0CYQ1G4WJ,B0CYQ1G4WJ,202601,2026Q1,120,58,11598,1,True,58,11598,199.97,4.6,78.0,大号大件
B0D147KVQC,KEMIMOTO,B0D147KVQC,B0D147KVQC,202601,2026Q1,146,77,1996,1,True,77,1996,24.99,4.2,34.0,大号标准尺寸
B0D14G9KN4,KEMIMOTO,B0D14G9KN4,B0D14G9KN4,202601,2026Q1,31,97,12298,1,True,97,12298,129.99,4.7,32.0,大号大件
B0D4DFXXQH,StarknightMT,B0D4DFXXQH,B0D4DFXXQH,202601,2026Q1,102,79,14177,1,True,79,14177,178.99,3.9,44.0,大号大件
B0D7CC58B9,KEMIMOTO,B0D7CC58B9,B0D7CC58B9,202601,2026Q1,230,47,9572,1,True,47,9572,209.99,3.2,52.0,大号大件
B08S41XKD7,KEMIMOTO,B0D7W2MHFB,B0D7W2MHFB,202601,2026Q1,11,333,41904,1,True,333,41904,179.99,4.6,599.0,大号大件
B08FC94QTQ,KEMIMOTO,B0D7W2MHFB,B0D7W2MHFB,202601,2026Q1,11,333,37542,2,False,0,0,149.99,4.6,600.0,大号大件
B0DP7L4TBL,KEMIMOTO,B0D7W2MHFB,B0D7W2MHFB,202601,2026Q1,15,326,39263,3,False,0,0,169.99,4.6,599.0,大号大件
B0DB19YVHQ,ZIDIYORUO,B0DB19YVHQ,B0DB19YVHQ,202601,2026Q1,33,96,2221,1,True,96,2221,19.99,3.8,42.0,大号标准尺寸
B0DD7KFNG6,StarknightMT,B0DD7KFNG6,B0DD7KFNG6,202601,2026Q1,133,49,12557,1,True,49,12557,259.99,4.2,42.0,超大尺寸：0 至 50 磅
B0DDXYJGNG,KEMIMOTO,B0DDXYJGNG,B0DDXYJGNG,202601,2026Q1,655,33,10563,1,True,33,10563,339.99,4.6,19.0,大号大件
B07XBZN932,ECOTRIC,B0DG86HTFH,B0DG86HTFH,202601,2026Q1,63,96,7740,1,True,96,7740,84.99,4.0,436.0,大号大件
B0DLGKVR68,StarknightMT,B0DLGKVR68,B0DLGKVR68,202601,2026Q1,121,41,2380,1,True,41,2380,55.09,4.8,19.0,大号标准尺寸
B0DPFS2452,KEMIMOTO,B0DPFS2452,B0DPFS2452,202601,2026Q1,750,39,6037,1,True,39,6037,159.99,4.6,9.0,大号大件
B0D6F81NCM,StarknightMT,B0DQZKF4SX,B0DQZKF4SX,202601,2026Q1,11,171,51075,1,True,171,51075,289.99,4.4,111.0,大号大件
B0DS2B1SVT,MDPROMCP,B0DS2B1SVT,B0DS2B1SVT,202601,2026Q1,80,58,9788,1,True,58,9788,181.99,4.3,51.0,大号大件
B0DQTSCS9T,StarknightMT,B0DT3MCFBD,B0DT3MCFBD,202601,2026Q1,1,470,54487,1,True,470,54487,113.98,4.7,343.0,大号大件
B0BCJP9XGW,StarknightMT,B0DT3MCFBD,B0DT3MCFBD,202601,2026Q1,1,469,48067,2,False,0,0,93.57,4.7,343.0,大号大件
B0BN2XBGPS,StarknightMT,B0DT3MCFBD,B0DT3MCFBD,202601,2026Q1,1,469,47378,3,False,0,0,98.98,4.7,343.0,大号大件
B0DWFDZVX2,StarknightMT,B0DWFDZVX2,B0DWFDZVX2,202601,2026Q1,21,70,17900,1,True,70,17900,299.99,4.4,29.0,大号大件
B08Z3CVL9F,KEMIMOTO,B0F1MCD151,B0F1MCD151,202601,2026Q1,231,53,8747,1,True,53,8747,169.99,4.5,89.0,大号大件
B0BVDPP81N,ZIDIYORUO,B0F1ZX8TKQ,B0F1ZX8TKQ,202601,2026Q1,6,224,6045,1,True,224,6045,26.99,4.6,269.0,大号标准尺寸
B0C77DX32W,ZIDIYORUO,B0F21Q8STJ,B0F21Q8STJ,202601,2026Q1,30,123,2956,1,True,123,2956,21.69,4.1,111.0,大号标准尺寸
B0F387YVP8,ZIDIYORUO,B0F387YVP8,B0F387YVP8,202601,2026Q1,100,88,2408,1,True,88,2408,26.99,4.5,21.0,大号标准尺寸
B0FCFT6YMY,KEMIMOTO,B0FCFT6YMY,B0FCFT6YMY,202601,2026Q1,41,77,30799,1,True,77,30799,399.99,4.4,14.0,大号大件
B0FD9PF1VR,KEMIMOTO,B0FD9PF1VR,B0FD9PF1VR,202601,2026Q1,22,126,4534,1,True,126,4534,35.99,4.3,24.0,大号标准尺寸
B0CBVBPXJ3,KEMIMOTO,B0FFB7DR5K,B0FFB7DR5K,202601,2026Q1,175,166,52721,1,True,166,52721,399.99,4.4,90.0,大号大件
B0F1N5WZTX,KEMIMOTO,B0FFB7DR5K,B0FFB7DR5K,202601,2026Q1,22,147,28187,2,False,0,0,239.99,4.4,90.0,大号大件
B0BRJBH9MY,StarknightMT,B0FHJ3MRTJ,B0FHJ3MRTJ,202601,2026Q1,194,112,19038,1,True,112,19038,169.99,4.6,95.0,大号大件
B0B1ZNVS2R,StarknightMT,B0FJ5H953B,B0FJ5H953B,202601,2026Q1,70,89,8932,1,True,89,8932,99.98,4.5,75.0,大号大件
B0FJ8PNW5G,StarknightMT,B0FL1PR33M,B0FL1PR33M,202601,2026Q1,20,120,5625,1,True,120,5625,46.99,4.2,12.0,大号标准尺寸
B01HZM2Z76,Amazicha,B0FL7WRYWQ,B0FL7WRYWQ,202601,2026Q1,14,228,7421,1,True,228,7421,29.99,4.3,3237.0,大号大件
B086MGHFXB,KEMIMOTO,B0FMQYVCWV,B0FMQYVCWV,202601,2026Q1,43,92,6990,1,True,92,6990,75.98,4.2,167.0,大号大件
B07Q1ZT78Z,KEMIMOTO,B0G1SX8QKK,B0G1SX8QKK,202601,2026Q1,2,161,26241,1,True,161,26241,125.99,4.2,195.0,大号大件
B0BL11XRNG,StarknightMT,B0G2PMWBTJ,B0G2PMWBTJ,202601,2026Q1,52,150,25512,1,True,150,25512,179.99,4.6,116.0,大号大件
B0DXJZ769J,StarknightMT,B0GCJ5KQZJ,B0GCJ5KQZJ,202601,2026Q1,108,58,15008,1,True,58,15008,249.99,4.0,77.0,大号大件
B0D5R1MVVK,StarknightMT,B0GG9WYNSN,B0GG9WYNSN,202601,2026Q1,14,118,13657,1,True,118,13657,119.99,4.7,86.0,大号大件
B074N7N5NG,SuperATV,B074N7N5NG,B074N7N5NG,202602,2026Q1,598,48,22218,1,True,48,22218,485.87,4.5,661.0,超大尺寸：70 至 150 磅（不含 70 磅）
B07566YMMW,XMT-MOTO,B07566YMMW,B07566YMMW,202602,2026Q1,93,82,4066,1,True,82,4066,49.59,4.1,378.0,小号大件
B07MR9FTDK,PSLER,B07MR9FTDK,B07MR9FTDK,202602,2026Q1,54,101,2725,1,True,101,2725,26.99,4.5,112.0,大号标准尺寸
B07WFFR2XD,KEMIMOTO,B07WFFR2XD,B07WFFR2XD,202602,2026Q1,54,115,4294,1,True,115,4294,39.99,4.6,548.0,小号大件
B08Z2Y8BHP,ECOTRIC,B08Z2Y8BHP,B08Z2Y8BHP,202602,2026Q1,9,129,31799,1,True,129,31799,242.0,4.4,291.0,大号大件
B099RBN34B,KEMIMOTO,B099RBN34B,B099RBN34B,202602,2026Q1,30,83,10789,1,True,83,10789,129.99,4.5,168.0,大号大件
B07TDJS3BT,SuperATV,B09HN67C6G,B09HN67C6G,202602,2026Q1,50,88,15656,1,True,88,15656,199.95,4.3,483.0,大号大件
B09QFL93C1,WYNMOTO,B0B2K7Y4CK,B0B2K7Y4CK,202602,2026Q1,4,317,9811,1,True,317,9811,30.95,4.6,1231.0,小号大件
B0B5TMDN52,StarknightMT,B0B5TMDN52,B0B5TMDN52,202602,2026Q1,16,131,10169,1,True,131,10169,75.99,4.6,164.0,大号大件
B07K2QJJTX,Amazicha,B0B5ZPR42C,B0B5ZPR42C,202602,2026Q1,1,385,12173,1,True,385,12173,29.89,4.4,5169.0,小号大件
B01M2ZTZIE,Amazicha,B0B5ZPR42C,B0B5ZPR42C,202602,2026Q1,1,378,12092,2,False,0,0,31.99,4.4,5167.0,小号大件
B01M273G7T,Amazicha,B0B5ZPR42C,B0B5ZPR42C,202602,2026Q1,1,378,11260,3,False,0,0,28.49,4.4,5170.0,小号大件
B09T6VBJF4,Motoforti,B0B9X7VJKV,B0B9X7VJKV,202602,2026Q1,31,121,3388,1,True,121,3388,27.99,4.1,228.0,大号标准尺寸
B0BRKRCVRQ,StarknightMT,B0BRKRCVRQ,B0BRKRCVRQ,202602,2026Q1,69,79,2960,1,True,79,2960,39.99,4.6,160.0,大号标准尺寸
B0BRXVN1KT,QYMOTO,B0BRXVN1KT,B0BRXVN1KT,202602,2026Q1,103,71,3407,1,True,71,3407,47.99,4.5,47.0,大号标准尺寸
B0C2PDZNLY,StarknightMT,B0C2PDZNLY,B0C2PDZNLY,202602,2026Q1,282,101,22722,1,True,101,22722,224.98,4.7,84.0,小号大件
B0C33V8NSC,KEMIMOTO,B0C33V8NSC,B0C33V8NSC,202602,2026Q1,300,60,10799,1,True,60,10799,179.99,4.4,50.0,大号大件
B0CBP597QR,StarknightMT,B0CBP597QR,B0CBP597QR,202602,2026Q1,84,113,3727,1,True,113,3727,32.99,4.4,111.0,大号标准尺寸
B0CDR94NLD,StarknightMT,B0CDR94NLD,B0CDR94NLD,202602,2026Q1,200,56,5713,1,True,56,5713,99.99,4.5,64.0,大号大件
B0CHRLS64N,KEMIMOTO,B0CHRLS64N,B0CHRLS64N,202602,2026Q1,200,78,3899,1,True,78,3899,49.99,4.5,56.0,大号标准尺寸
B0CJM88X4K,HECASA,B0CJM88X4K,B0CJM88X4K,202602,2026Q1,151,79,3962,1,True,79,3962,44.1,3.8,56.0,大号大件
B0CN9KDR1L,KEMIMOTO,B0CN9KDR1L,B0CN9KDR1L,202602,2026Q1,32,101,22824,1,True,101,22824,225.99,3.8,83.0,超大尺寸：50 到 70 磅（不含 50 磅）
B0BDD7GWGR,StarknightMT,B0CNX8P9PF,B0CNX8P9PF,202602,2026Q1,100,129,16768,1,True,129,16768,129.99,4.5,119.0,大号大件
B0D147KVQC,KEMIMOTO,B0D147KVQC,B0D147KVQC,202602,2026Q1,45,86,2149,1,True,86,2149,24.99,4.3,37.0,大号标准尺寸
B0D14G9KN4,KEMIMOTO,B0D14G9KN4,B0D14G9KN4,202602,2026Q1,170,52,5728,1,True,52,5728,98.99,4.7,35.0,大号大件
B0D4DFXXQH,StarknightMT,B0D4DFXXQH,B0D4DFXXQH,202602,2026Q1,87,68,12171,1,True,68,12171,178.99,3.9,45.0,大号大件
B0DP7L4TBL,KEMIMOTO,B0D7W2MHFB,B0D7W2MHFB,202602,2026Q1,10,323,41062,1,True,323,41062,129.99,4.7,609.0,大号大件
B08FC94QTQ,KEMIMOTO,B0D7W2MHFB,B0D7W2MHFB,202602,2026Q1,2,307,33478,2,False,0,0,109.99,4.7,609.0,大号大件
B0DB19YVHQ,ZIDIYORUO,B0DB19YVHQ,B0DB19YVHQ,202602,2026Q1,197,81,1619,1,True,81,1619,19.99,3.9,44.0,大号标准尺寸
B07XBZN932,ECOTRIC,B0DG86HTFH,B0DG86HTFH,202602,2026Q1,16,128,10624,1,True,128,10624,79.89,4.0,436.0,大号大件
B0D86Q4Z1X,Justech,B0DQNLHGRW,B0DQNLHGRW,202602,2026Q1,13,202,4159,1,True,202,4159,20.59,4.2,3348.0,大号标准尺寸
B0D6F81NCM,StarknightMT,B0DQZKF4SX,B0DQZKF4SX,202602,2026Q1,19,160,51310,1,True,160,51310,289.99,4.3,121.0,大号大件
B0BCJP9XGW,StarknightMT,B0DT3MCFBD,B0DT3MCFBD,202602,2026Q1,4,495,50098,1,True,495,50098,101.99,4.7,357.0,大号大件
B0BN2XBGPS,StarknightMT,B0DT3MCFBD,B0DT3MCFBD,202602,2026Q1,5,483,48488,2,False,0,0,99.99,4.7,357.0,大号大件
B0DQTSCS9T,StarknightMT,B0DT3MCFBD,B0DT3MCFBD,202602,2026Q1,4,445,50489,3,False,0,0,109.99,4.7,357.0,大号大件
B0BGLSWTCV,KEMIMOTO,B0DYD5HZCS,B0DYD5HZCS,202602,2026Q1,15,140,10647,1,True,140,10647,71.99,4.4,242.0,大号标准尺寸
B0BVDPP81N,ZIDIYORUO,B0F1ZX8TKQ,B0F1ZX8TKQ,202602,2026Q1,29,162,4417,1,True,162,4417,26.99,4.6,275.0,大号标准尺寸
B0C77DX32W,ZIDIYORUO,B0F21Q8STJ,B0F21Q8STJ,202602,2026Q1,274,81,1782,1,True,81,1782,23.99,4.2,114.0,大号标准尺寸
B0F38356PF,ZIDIYORUO,B0F38356PF,B0F38356PF,202602,2026Q1,34,77,2078,1,True,77,2078,26.99,4.9,16.0,大号标准尺寸
B0F387YVP8,ZIDIYORUO,B0F387YVP8,B0F387YVP8,202602,2026Q1,65,66,1781,1,True,66,1781,26.99,4.5,21.0,大号标准尺寸
B0FCFT6YMY,KEMIMOTO,B0FCFT6YMY,B0FCFT6YMY,202602,2026Q1,33,79,30409,1,True,79,30409,379.99,4.4,21.0,大号大件
B0FD9PF1VR,KEMIMOTO,B0FD9PF1VR,B0FD9PF1VR,202602,2026Q1,123,62,2313,1,True,62,2313,42.99,4.4,27.0,大号标准尺寸
B0F1N5WZTX,KEMIMOTO,B0FFB7DR5K,B0FFB7DR5K,202602,2026Q1,26,127,23949,1,True,127,23949,175.98,4.4,98.0,大号大件
B07PVX823M,KEMIMOTO,B0FGD963KM,B0FGD963KM,202602,2026Q1,50,129,20925,1,True,129,20925,169.99,4.4,190.0,大号大件
B0BRJBH9MY,StarknightMT,B0FHJ3MRTJ,B0FHJ3MRTJ,202602,2026Q1,88,91,15469,1,True,91,15469,169.99,4.7,100.0,大号大件
B0FJ8PNW5G,StarknightMT,B0FL1PR33M,B0FL1PR33M,202602,2026Q1,35,112,5262,1,True,112,5262,46.99,4.4,16.0,大号标准尺寸
B01M4M3FKA,Amazicha,B0FL7WRYWQ,B0FL7WRYWQ,202602,2026Q1,5,351,11547,1,True,351,11547,32.9,4.3,3248.0,小号大件
B01HZM2Z76,Amazicha,B0FL7WRYWQ,B0FL7WRYWQ,202602,2026Q1,5,351,10526,2,False,0,0,29.99,4.3,3250.0,小号大件
B086MGHFXB,KEMIMOTO,B0FMQYVCWV,B0FMQYVCWV,202602,2026Q1,81,96,7315,1,True,96,7315,75.99,4.3,172.0,大号大件
B0DP7LMVN6,KEMIMOTO,B0FXX97C14,B0FXX97C14,202602,2026Q1,45,64,8128,1,True,64,8128,104.49,4.8,32.0,大号大件
B07Q1ZT78Z,KEMIMOTO,B0G1SX8QKK,B0G1SX8QKK,202602,2026Q1,6,224,35768,1,True,224,35768,125.99,4.2,200.0,大号大件
B0BL11XRNG,StarknightMT,B0G2PMWBTJ,B0G2PMWBTJ,202602,2026Q1,21,154,23665,1,True,154,23665,151.89,4.5,125.0,大号大件
B0D5R1MVVK,StarknightMT,B0GG9WYNSN,B0GG9WYNSN,202602,2026Q1,11,136,14964,1,True,136,14964,98.99,4.7,90.0,大号大件
B000GV7DJO,Memphis Shades,B000GV7DJO,B000GV7DJO,202603,2026Q1,3570,62,6925,1,True,62,6925,117.95,4.0,18.0,小号大件
B0743BCK5M,PSLER,B0743BCK5M,B0743BCK5M,202603,2026Q1,129,78,2573,1,True,78,2573,32.99,4.6,181.0,大号标准尺寸
B07WFFR2XD,KEMIMOTO,B07WFFR2XD,B07WFFR2XD,202603,2026Q1,293,84,3643,1,True,84,3643,42.99,4.6,551.0,小号大件
B08Z2Y8BHP,ECOTRIC,B08Z2Y8BHP,B08Z2Y8BHP,202603,2026Q1,82,123,29448,1,True,123,29448,229.0,4.4,298.0,大号大件
B099RBN34B,KEMIMOTO,B099RBN34B,B099RBN34B,202603,2026Q1,75,117,11787,1,True,117,11787,98.99,4.5,172.0,大号大件
B0B497K5Z2,PSLER,B0B497K5Z2,B0B497K5Z2,202603,2026Q1,22,100,5179,1,True,100,5179,49.49,4.5,94.0,小号大件
B0B5TMDN52,StarknightMT,B0B5TMDN52,B0B5TMDN52,202603,2026Q1,16,167,12668,1,True,167,12668,74.99,4.6,171.0,大号大件
B07Z5XYRH2,Amazicha,B0B5Z4HBYV,B0B5Z4HBYV,202603,2026Q1,14,242,7252,1,True,242,7252,29.99,4.5,1479.0,小号大件
B01M273G7T,Amazicha,B0B5ZPR42C,B0B5ZPR42C,202603,2026Q1,1,632,20622,1,True,632,20622,31.99,4.4,5193.0,小号大件
B01M2ZTZIE,Amazicha,B0B5ZPR42C,B0B5ZPR42C,202603,2026Q1,1,632,20217,2,False,0,0,31.99,4.4,5191.0,小号大件
B07K2QJJTX,Amazicha,B0B5ZPR42C,B0B5ZPR42C,202603,2026Q1,1,631,19718,3,False,0,0,32.99,4.4,5189.0,小号大件
B09T6VBJF4,Motoforti,B0B9X7VJKV,B0B9X7VJKV,202603,2026Q1,13,168,4798,1,True,168,4798,28.69,4.1,231.0,大号标准尺寸
B0BKVD1CJ4,xitomer,B0BKVD1CJ4,B0BKVD1CJ4,202603,2026Q1,96,81,1125,1,True,81,1125,13.89,4.8,136.0,大号标准尺寸
B0BRKRCVRQ,StarknightMT,B0BRKRCVRQ,B0BRKRCVRQ,202603,2026Q1,58,76,3071,1,True,76,3071,33.59,4.6,164.0,大号标准尺寸
B0C2PDZNLY,StarknightMT,B0C2PDZNLY,B0C2PDZNLY,202603,2026Q1,47,108,23595,1,True,108,23595,199.99,4.6,85.0,小号大件
B0CKSZJKQM,FATECIM,B0C5M9JXPV,B0C5M9JXPV,202603,2026Q1,13,171,11968,1,True,171,11968,69.99,4.2,213.0,小号大件
B0CBP597QR,StarknightMT,B0CBP597QR,B0CBP597QR,202603,2026Q1,141,82,2668,1,True,82,2668,29.69,4.4,111.0,大号标准尺寸
B0CJM88X4K,HECASA,B0CJM88X4K,B0CJM88X4K,202603,2026Q1,180,63,3132,1,True,63,3132,58.08,3.9,58.0,大号大件
B0CN9KDR1L,KEMIMOTO,B0CN9KDR1L,B0CN9KDR1L,202603,2026Q1,28,154,34483,1,True,154,34483,214.69,3.8,86.0,超大尺寸：50 到 70 磅（不含 50 磅）
B0D147KVQC,KEMIMOTO,B0D147KVQC,B0D147KVQC,202603,2026Q1,159,78,1949,1,True,78,1949,24.99,4.2,38.0,大号标准尺寸
B0D4DFXXQH,StarknightMT,B0D4DFXXQH,B0D4DFXXQH,202603,2026Q1,68,108,19330,1,True,108,19330,178.99,4.0,47.0,大号大件
B08S41XKD7,KEMIMOTO,B0D7W2MHFB,B0D7W2MHFB,202603,2026Q1,3,301,34762,1,True,301,34762,109.98,4.7,622.0,大号大件
B08FC94QTQ,KEMIMOTO,B0D7W2MHFB,B0D7W2MHFB,202603,2026Q1,3,301,32432,2,False,0,0,104.48,4.7,622.0,大号大件
B0D8J2M2GW,PACEWALKER,B0D8J23BJY,B0D8J23BJY,202603,2026Q1,149,16,318,1,True,16,318,19.89,3.8,100.0,大号标准尺寸
B0C6M4DGM8,Benlari,B0DF6XS44H,B0DF6XS44H,202603,2026Q1,23,164,5628,1,True,164,5628,34.99,4.4,213.0,小号大件
B0C6M6VXJF,Benlari,B0DF6XS44H,B0DF6XS44H,202603,2026Q1,23,164,5561,2,False,0,0,34.99,4.5,214.0,小号大件
B0DF74511M,KEMIMOTO,B0DF74511M,B0DF74511M,202603,2026Q1,81,73,19390,1,True,73,19390,269.99,3.4,42.0,大号大件
B07XBZN932,ECOTRIC,B0DG86HTFH,B0DG86HTFH,202603,2026Q1,9,183,14484,1,True,183,14484,72.24,4.0,444.0,大号大件
B0D86Q4Z1X,Justech,B0DQNLHGRW,B0DQNLHGRW,202603,2026Q1,5,269,5635,1,True,269,5635,20.99,4.2,3392.0,大号标准尺寸
B07RYLLVS1,Justech,B0DQNLHGRW,B0DQNLHGRW,202603,2026Q1,6,266,5476,2,False,0,0,20.59,4.2,3395.0,大号标准尺寸
B0D6F81NCM,StarknightMT,B0DQZKF4SX,B0DQZKF4SX,202603,2026Q1,14,203,54836,1,True,203,54836,259.99,4.3,128.0,大号大件
B0DS2B1SVT,MDPROMCP,B0DS2B1SVT,B0DS2B1SVT,202603,2026Q1,90,92,16174,1,True,92,16174,155.99,4.3,59.0,大号大件
B0DQTSCS9T,StarknightMT,B0DT3MCFBD,B0DT3MCFBD,202603,2026Q1,4,450,50508,1,True,450,50508,119.99,4.7,367.0,大号大件
B0BCJP9XGW,StarknightMT,B0DT3MCFBD,B0DT3MCFBD,202603,2026Q1,3,447,44105,2,False,0,0,109.99,4.7,368.0,大号大件
B0BN2XBGPS,StarknightMT,B0DT3MCFBD,B0DT3MCFBD,202603,2026Q1,3,447,43694,3,False,0,0,99.99,4.7,368.0,大号大件
B0DWFDZVX2,StarknightMT,B0DWFDZVX2,B0DWFDZVX2,202603,2026Q1,106,71,17289,1,True,71,17289,219.99,4.4,34.0,大号大件
B09MM87GXM,KEMIMOTO,B0DXFHHDYW,B0DXFHHDYW,202603,2026Q1,51,119,15468,1,True,119,15468,129.99,4.3,278.0,大号大件
B0BGLSWTCV,KEMIMOTO,B0DYD5HZCS,B0DYD5HZCS,202603,2026Q1,11,233,17444,1,True,233,17444,70.99,4.3,250.0,大号标准尺寸
B0BVDPP81N,ZIDIYORUO,B0F1ZX8TKQ,B0F1ZX8TKQ,202603,2026Q1,15,121,3194,1,True,121,3194,24.29,4.6,284.0,大号标准尺寸
B0F38356PF,ZIDIYORUO,B0F38356PF,B0F38356PF,202603,2026Q1,151,49,1322,1,True,49,1322,26.99,4.8,18.0,大号标准尺寸
B0F4JFF7YW,VINTGMT,B0F4HY2WT8,B0F4HY2WT8,202603,2026Q1,28,123,14758,1,True,123,14758,119.99,4.5,17.0,小号大件
B0F8Z997C4,Dawnjaccee,B0F8Z997C4,B0F8Z997C4,202603,2026Q1,53,73,3639,1,True,73,3639,49.85,4.6,23.0,大号标准尺寸
B0FC6GGJKM,KEMIMOTO,B0FC6GGJKM,B0FC6GGJKM,202603,2026Q1,62,74,17341,1,True,74,17341,219.99,4.5,16.0,超大尺寸：0 至 50 磅
B0FCFT6YMY,KEMIMOTO,B0FCFT6YMY,B0FCFT6YMY,202603,2026Q1,69,98,37806,1,True,98,37806,379.99,4.6,24.0,大号大件
B0FD9PF1VR,KEMIMOTO,B0FD9PF1VR,B0FD9PF1VR,202603,2026Q1,173,60,2455,1,True,60,2455,34.19,4.4,29.0,大号标准尺寸
B0F1N5WZTX,KEMIMOTO,B0FFB7DR5K,B0FFB7DR5K,202603,2026Q1,33,166,29850,1,True,166,29850,175.98,4.6,27.0,大号大件
B07PVX823M,KEMIMOTO,B0FGD963KM,B0FGD963KM,202603,2026Q1,37,131,21848,1,True,131,21848,152.99,4.3,193.0,大号大件
B0BRJBH9MY,StarknightMT,B0FHJ3MRTJ,B0FHJ3MRTJ,202603,2026Q1,40,107,17411,1,True,107,17411,149.99,4.7,100.0,大号大件
B0B1ZNVS2R,StarknightMT,B0FJ5H953B,B0FJ5H953B,202603,2026Q1,32,103,10195,1,True,103,10195,98.99,4.4,61.0,大号大件
B0FKN188ZK,KEMIMOTO,B0FKN188ZK,B0FKN188ZK,202603,2026Q1,148,74,21029,1,True,74,21029,277.98,3.8,31.0,大号大件
B0FJ8PNW5G,StarknightMT,B0FL1PR33M,B0FL1PR33M,202603,2026Q1,13,161,7542,1,True,161,7542,46.99,4.2,19.0,大号标准尺寸
B0DJW3D7NY,PSLER,B0FL6LMMM3,B0FL6LMMM3,202603,2026Q1,85,131,5369,1,True,131,5369,40.99,4.3,28.0,大号标准尺寸
B01M4M3FKA,Amazicha,B0FL7WRYWQ,B0FL7WRYWQ,202603,2026Q1,2,562,18489,1,True,562,18489,32.9,4.3,3262.0,小号大件
B01HZM2Z76,Amazicha,B0FL7WRYWQ,B0FL7WRYWQ,202603,2026Q1,2,561,17952,2,False,0,0,32.99,4.3,3264.0,小号大件
B086MGHFXB,KEMIMOTO,B0FMQYVCWV,B0FMQYVCWV,202603,2026Q1,39,90,7074,1,True,90,7074,74.99,4.3,178.0,大号大件
B07Q1ZT78Z,KEMIMOTO,B0G1SX8QKK,B0G1SX8QKK,202603,2026Q1,6,201,30636,1,True,201,30636,199.99,4.3,192.0,大号大件
B0BL11XRNG,StarknightMT,B0G2PMWBTJ,B0G2PMWBTJ,202603,2026Q1,19,117,17211,1,True,117,17211,133.18,4.5,117.0,大号大件
B0FC78CB7V,PROFX,B0G2T1CNZS,B0G2T1CNZS,202603,2026Q1,120,68,7129,1,True,68,7129,109.99,4.3,16.0,
B0DTPMZZD2,PSLER,B0G5F8QRD3,B0G5F8QRD3,202603,2026Q1,10,157,7801,1,True,157,7801,49.99,4.6,39.0,大号标准尺寸
B0DPSL2CF5,PSLER,B0G5FWKRPQ,B0G5FWKRPQ,202603,2026Q1,28,128,5758,1,True,128,5758,44.99,4.6,44.0,大号标准尺寸
B0D5R1MVVK,StarknightMT,B0GG9WYNSN,B0GG9WYNSN,202603,2026Q1,20,145,14984,1,True,145,14984,98.99,4.7,82.0,大号大件
B09QFL93C1,WYNMOTO,B0GT9P8YRM,B0GT9P8YRM,202603,2026Q1,4,441,13648,1,True,441,13648,30.95,4.6,1695.0,小号大件
B0B1ZY67CV,WYNMOTO,B0GT9P8YRM,B0GT9P8YRM,202603,2026Q1,4,441,13349,2,False,0,0,30.49,4.6,1692.0,小号大件
B07MR9FTDK,PSLER,B0GTYL34QS,B0GTYL34QS,202603,2026Q1,31,99,2672,1,True,99,2672,26.99,4.5,126.0,大号标准尺寸
B0BDD7GWGR,StarknightMT,B0GVS67DS6,B0GVS67DS6,202603,2026Q1,36,78,10139,1,True,78,10139,129.99,4.5,120.0,大号大件
B06X9S44MJ,Amazicha,B06X9S44MJ,B06X9S44MJ,202604,2026Q2,48,66,1979,1,True,66,1979,29.99,4.7,0.0,大号标准尺寸
B0743BCK5M,PSLER,B0743BCK5M,B0743BCK5M,202604,2026Q2,127,74,2441,1,True,74,2441,32.99,4.5,0.0,大号标准尺寸
B076BHDJ14,ECOTRIC,B076BHDJ14,B076BHDJ14,202604,2026Q2,63,84,6204,1,True,84,6204,75.56,3.9,0.0,小号大件
B07WFFR2XD,KEMIMOTO,B07WFFR2XD,B07WFFR2XD,202604,2026Q2,163,79,3633,1,True,79,3633,45.99,4.6,0.0,小号大件
B087M2L2MC,FATECIM,B087M6X7CL,B087M6X7CL,202604,2026Q2,80,166,18241,1,True,166,18241,109.89,4.3,0.0,小号大件
B08Z2Y8BHP,ECOTRIC,B08Z2Y8BHP,B08Z2Y8BHP,202604,2026Q2,121,84,20566,1,True,84,20566,242.0,4.4,0.0,大号大件
B099RBN34B,KEMIMOTO,B099RBN34B,B099RBN34B,202604,2026Q2,70,87,9117,1,True,87,9117,99.98,4.6,0.0,大号大件
B09VZN5PL4,kucehiup,B09VZN5PL4,B09VZN5PL4,202604,2026Q2,48,98,2155,1,True,98,2155,21.99,4.2,0.0,大号标准尺寸
B09XXNHWT5,HECASA,B09XXNHWT5,B09XXNHWT5,202604,2026Q2,68,74,5652,1,True,74,5652,76.99,4.0,0.0,小号大件
B09QFL93C1,WYNMOTO,B0B2K7Y4CK,B0B2K7Y4CK,202604,2026Q2,4,527,16310,1,True,527,16310,30.95,4.6,0.0,小号大件
B0B497K5Z2,PSLER,B0B497K5Z2,B0B497K5Z2,202604,2026Q2,36,147,7275,1,True,147,7275,49.49,4.6,0.0,小号大件
B0B5TMDN52,StarknightMT,B0B5TMDN52,B0B5TMDN52,202604,2026Q2,38,144,11820,1,True,144,11820,75.99,4.6,0.0,大号大件
B0BY8MMBSP,Amazicha,B0B5Z4HBYV,B0B5Z4HBYV,202604,2026Q2,8,310,14892,1,True,310,14892,47.48,4.5,0.0,小号大件
B07Z5XYRH2,Amazicha,B0B5Z4HBYV,B0B5Z4HBYV,202604,2026Q2,7,301,8656,2,False,0,0,28.49,4.5,0.0,小号大件
B07K2QJJTX,Amazicha,B0B5ZPR42C,B0B5ZPR42C,202604,2026Q2,1,692,22829,1,True,692,22829,32.99,4.4,0.0,小号大件
B01M273G7T,Amazicha,B0B5ZPR42C,B0B5ZPR42C,202604,2026Q2,1,692,22448,2,False,0,0,32.99,4.4,0.0,小号大件
B01M2ZTZIE,Amazicha,B0B5ZPR42C,B0B5ZPR42C,202604,2026Q2,1,692,22137,3,False,0,0,31.99,4.4,0.0,小号大件
B01MF9Z9V9,Amazicha,B0B5ZPR42C,B0B5ZPR42C,202604,2026Q2,1,692,20061,4,False,0,0,28.99,4.4,0.0,小号大件
B09T6VBJF4,Motoforti,B0B9X7VJKV,B0B9X7VJKV,202604,2026Q2,14,183,5250,1,True,183,5250,28.69,4.0,0.0,大号标准尺寸
B0BKVD1CJ4,xitomer,B0BKVD1CJ4,B0BKVD1CJ4,202604,2026Q2,64,99,1375,1,True,99,1375,13.89,4.8,0.0,大号标准尺寸
B0BRKRCVRQ,StarknightMT,B0BRKRCVRQ,B0BRKRCVRQ,202604,2026Q2,60,88,3751,1,True,88,3751,42.99,4.6,0.0,大号标准尺寸
B0C2PDZNLY,StarknightMT,B0C2PDZNLY,B0C2PDZNLY,202604,2026Q2,143,89,18689,1,True,89,18689,209.99,4.6,0.0,小号大件
B0CKSZJKQM,FATECIM,B0C5M9JXPV,B0C5M9JXPV,202604,2026Q2,25,198,13858,1,True,198,13858,69.99,4.1,0.0,小号大件
B0CBP597QR,StarknightMT,B0CBP597QR,B0CBP597QR,202604,2026Q2,284,64,2080,1,True,64,2080,32.99,4.3,0.0,大号标准尺寸
B0CCT4BPVX,PSLER,B0CCT4BPVX,B0CCT4BPVX,202604,2026Q2,56,82,2295,1,True,82,2295,27.99,4.8,0.0,大号标准尺寸
B0CN9KDR1L,KEMIMOTO,B0CN9KDR1L,B0CN9KDR1L,202604,2026Q2,27,154,34417,1,True,154,34417,229.99,3.6,0.0,超大尺寸：50 到 70 磅（不含 50 磅）
B0CYSQBYLQ,StarknightMT,B0CYSQBYLQ,B0CYSQBYLQ,202604,2026Q2,67,89,15127,1,True,89,15127,169.97,4.2,0.0,大号大件
B0D14G9KN4,KEMIMOTO,B0D14G9KN4,B0D14G9KN4,202604,2026Q2,91,83,9358,1,True,83,9358,129.99,4.7,0.0,大号大件
B0D1TFGLFG,ECOTRIC,B0D1TFGLFG,B0D1TFGLFG,202604,2026Q2,46,84,12307,1,True,84,12307,127.99,3.6,0.0,大号大件
B0D47GYQ43,KEMIMOTO,B0D47GYQ43,B0D47GYQ43,202604,2026Q2,114,99,6020,1,True,99,6020,69.99,4.1,0.0,大号标准尺寸
B0D4DFXXQH,StarknightMT,B0D4DFXXQH,B0D4DFXXQH,202604,2026Q2,59,81,14498,1,True,81,14498,178.99,4.0,0.0,大号大件
B08S41XKD7,KEMIMOTO,B0D7W2MHFB,B0D7W2MHFB,202604,2026Q2,6,250,30250,1,True,250,30250,129.99,4.6,0.0,大号大件
B08FC94QTQ,KEMIMOTO,B0D7W2MHFB,B0D7W2MHFB,202604,2026Q2,6,250,28230,2,False,0,0,129.99,4.6,0.0,大号大件
B0D86QWC31,Justech,B0D86QWC31,B0D86QWC31,202604,2026Q2,3,395,8291,1,True,395,8291,20.99,4.2,0.0,大号标准尺寸
B0D86VHSPC,StarknightMT,B0D86VHSPC,B0D86VHSPC,202604,2026Q2,287,73,15281,1,True,73,15281,204.99,4.7,0.0,大号大件
B0D8J2M2GW,PACEWALKER,B0D8J23BJY,B0D8J23BJY,202604,2026Q2,38,76,1511,1,True,76,1511,19.89,3.8,0.0,大号标准尺寸
B0C6M15RQ1,Benlari,B0DF2JKWZR,B0DF2JKWZR,202604,2026Q2,51,113,3199,1,True,113,3199,31.99,4.4,0.0,小号大件
B0D7PL7LVP,ECOTRIC,B0DF4LZKJY,B0DF4LZKJY,202604,2026Q2,21,179,9078,1,True,179,9078,50.99,4.0,0.0,小号大件
B0C6M4DGM8,Benlari,B0DF6XS44H,B0DF6XS44H,202604,2026Q2,11,198,6928,1,True,198,6928,34.99,4.4,0.0,小号大件
B0C6M6VXJF,Benlari,B0DF6XS44H,B0DF6XS44H,202604,2026Q2,12,198,6928,2,False,0,0,34.99,4.4,0.0,小号大件
B0DF74511M,KEMIMOTO,B0DF74511M,B0DF74511M,202604,2026Q2,1288,56,15119,1,True,56,15119,269.99,3.5,0.0,大号大件
B07N4GC5RR,ECOTRIC,B0DG86HTFH,B0DG86HTFH,202604,2026Q2,7,253,23248,1,True,253,23248,95.84,4.0,0.0,大号大件
B07XBZN932,ECOTRIC,B0DG86HTFH,B0DG86HTFH,202604,2026Q2,7,253,21365,2,False,0,0,84.99,4.0,0.0,大号大件
B0D86Q4Z1X,Justech,B0DQNLHGRW,B0DQNLHGRW,202604,2026Q2,3,395,8291,1,True,395,8291,20.99,4.2,0.0,大号标准尺寸
B07RYLLVS1,Justech,B0DQNLHGRW,B0DQNLHGRW,202604,2026Q2,2,360,7448,2,False,0,0,20.99,4.2,0.0,大号标准尺寸
B0D6F81NCM,StarknightMT,B0DQZKF4SX,B0DQZKF4SX,202604,2026Q2,17,202,61486,1,True,202,61486,289.99,4.3,0.0,大号大件
B0DS2B1SVT,MDPROMCP,B0DS2B1SVT,B0DS2B1SVT,202604,2026Q2,121,76,12641,1,True,76,12641,165.99,4.2,0.0,大号大件
B0BCJP9XGW,StarknightMT,B0DT3MCFBD,B0DT3MCFBD,202604,2026Q2,5,444,45154,1,True,444,45154,109.99,4.7,0.0,大号大件
B0BN2XBGPS,StarknightMT,B0DT3MCFBD,B0DT3MCFBD,202604,2026Q2,5,444,43716,2,False,0,0,99.99,4.7,0.0,大号大件
B0DQTSCS9T,StarknightMT,B0DT3MCFBD,B0DT3MCFBD,202604,2026Q2,3,437,49734,3,False,0,0,119.99,4.7,0.0,大号大件
B0DTJVMZFB,Amazicha,B0DTJVMZFB,B0DTJVMZFB,202604,2026Q2,101,70,3397,1,True,70,3397,48.99,4.4,0.0,小号大件
B0DWFDZVX2,StarknightMT,B0DWFDZVX2,B0DWFDZVX2,202604,2026Q2,257,35,7909,1,True,35,7909,225.99,4.4,0.0,大号大件
B09MM87GXM,KEMIMOTO,B0DXFHHDYW,B0DXFHHDYW,202604,2026Q2,18,115,16098,1,True,115,16098,139.99,4.3,0.0,大号大件
B0BGLSWTCV,KEMIMOTO,B0DYD5HZCS,B0DYD5HZCS,202604,2026Q2,8,260,20542,1,True,260,20542,70.99,4.2,0.0,大号标准尺寸
B0BVDPP81N,ZIDIYORUO,B0F1ZX8TKQ,B0F1ZX8TKQ,202604,2026Q2,17,116,3114,1,True,116,3114,26.99,4.5,0.0,大号标准尺寸
B0F4JFF7YW,VINTGMT,B0F4HY2WT8,B0F4HY2WT8,202604,2026Q2,33,138,16932,1,True,138,16932,125.99,4.5,0.0,小号大件
B0F4QFY614,Benlari,B0F9L7L8T8,B0F9L7L8T8,202604,2026Q2,85,115,3425,1,True,115,3425,29.99,4.3,0.0,小号大件
B0FC6GGJKM,KEMIMOTO,B0FC6GGJKM,B0FC6GGJKM,202604,2026Q2,117,74,17117,1,True,74,17117,226.99,4.6,0.0,超大尺寸：0 至 50 磅
B0FCFT6YMY,KEMIMOTO,B0FCFT6YMY,B0FCFT6YMY,202604,2026Q2,22,112,44786,1,True,112,44786,399.99,4.7,0.0,超大尺寸：0 至 50 磅
B0FDKB7JC2,KEMIMOTO,B0FDKB7JC2,B0FDKB7JC2,202604,2026Q2,518,50,13119,1,True,50,13119,239.99,4.2,0.0,大号大件
B0F1N5WZTX,KEMIMOTO,B0FFB7DR5K,B0FFB7DR5K,202604,2026Q2,24,174,36332,1,True,174,36332,229.99,4.6,0.0,大号大件
B07VVXV8BR,ECOTRIC,B0FG38D9YP,B0FG38D9YP,202604,2026Q2,46,77,6414,1,True,77,6414,79.99,3.8,0.0,大号大件
B0B1ZNVS2R,StarknightMT,B0FJ5H953B,B0FJ5H953B,202604,2026Q2,41,129,13036,1,True,129,13036,98.99,4.5,0.0,大号大件
B0FKN188ZK,KEMIMOTO,B0FKN188ZK,B0FKN188ZK,202604,2026Q2,314,52,17140,1,True,52,17140,329.99,3.8,0.0,大号大件
B0FJ8PNW5G,StarknightMT,B0FL1PR33M,B0FL1PR33M,202604,2026Q2,54,136,6390,1,True,136,6390,46.99,4.2,0.0,大号标准尺寸
B0DJW3D7NY,PSLER,B0FL6LMMM3,B0FL6LMMM3,202604,2026Q2,41,60,2553,1,True,60,2553,48.99,4.4,0.0,大号标准尺寸
B01M4M3FKA,Amazicha,B0FL7WRYWQ,B0FL7WRYWQ,202604,2026Q2,2,575,18917,1,True,575,18917,32.9,4.3,0.0,小号大件
B01HZLJOP8,Amazicha,B0FL7WRYWQ,B0FL7WRYWQ,202604,2026Q2,2,575,18854,2,False,0,0,31.99,4.3,0.0,小号大件
B01HZM2Z76,Amazicha,B0FL7WRYWQ,B0FL7WRYWQ,202604,2026Q2,2,575,18584,3,False,0,0,31.99,4.3,0.0,小号大件
B0FCS7NPTY,Amazicha,B0FL7WRYWQ,B0FL7WRYWQ,202604,2026Q2,3,570,30381,4,False,0,0,52.99,4.3,0.0,小号大件
B086MGHFXB,KEMIMOTO,B0FMQYVCWV,B0FMQYVCWV,202604,2026Q2,50,95,7271,1,True,95,7271,74.99,4.3,0.0,大号大件
B0FMXNXN7M,KEMIMOTO,B0FMXNXN7M,B0FMXNXN7M,202604,2026Q2,243,82,22408,1,True,82,22408,279.99,4.8,0.0,超大尺寸：50 到 70 磅（不含 50 磅）
B07Q1ZT78Z,KEMIMOTO,B0G1SX8QKK,B0G1SX8QKK,202604,2026Q2,28,185,31535,1,True,185,31535,169.99,4.3,0.0,大号大件
B0BL11XRNG,StarknightMT,B0G2PMWBTJ,B0G2PMWBTJ,202604,2026Q2,13,170,25304,1,True,170,25304,133.18,4.5,0.0,大号大件
B0DTPMZZD2,PSLER,B0G5F8QRD3,B0G5F8QRD3,202604,2026Q2,29,149,7448,1,True,149,7448,49.99,4.6,0.0,大号标准尺寸
B0DPSL2CF5,PSLER,B0G5FWKRPQ,B0G5FWKRPQ,202604,2026Q2,19,161,7243,1,True,161,7243,44.99,4.7,0.0,大号标准尺寸
B0D5R1MVVK,StarknightMT,B0GG9WYNSN,B0GG9WYNSN,202604,2026Q2,27,131,14961,1,True,131,14961,98.99,4.6,0.0,大号大件
B0B1ZY67CV,WYNMOTO,B0GT9P8YRM,B0GT9P8YRM,202604,2026Q2,4,527,16068,1,True,527,16068,30.49,4.6,0.0,小号大件
B07MR9FTDK,PSLER,B0GTYL34QS,B0GTYL34QS,202604,2026Q2,31,142,3832,1,True,142,3832,26.99,4.4,0.0,大号标准尺寸
B0BBR7Q23X,WYNMOTO,B0GXTVQ4GN,B0GXTVQ4GN,202604,2026Q2,21,117,4885,1,True,117,4885,41.95,4.2,0.0,小号大件
B06X9S44MJ,Amazicha,B06X9S44MJ,B06X9S44MJ,202605,2026Q2,179,61,1829,1,True,61,1829,29.99,4.7,417.0,大号标准尺寸
B076BHDJ14,ECOTRIC,B076BHDJ14,B076BHDJ14,202605,2026Q2,110,89,6724,1,True,89,6724,75.56,3.9,383.0,小号大件
B011J6Z2V0,Klock Werks,B07NY21XWX,B07NY21XWX,202605,2026Q2,40,112,27994,1,True,112,27994,249.95,4.7,1615.0,小号大件
B07WFFR2XD,KEMIMOTO,B07WFFR2XD,B07WFFR2XD,202605,2026Q2,70,84,3863,1,True,84,3863,45.99,4.6,561.0,小号大件
B087M257GT,FATECIM,B087M6X7CL,B087M6X7CL,202605,2026Q2,288,147,16159,1,True,147,16159,109.89,4.3,556.0,小号大件
B087M2L2MC,FATECIM,B087M6X7CL,B087M6X7CL,202605,2026Q2,133,146,16046,2,False,0,0,109.99,4.3,557.0,小号大件
B08MTCFJ68,XMT-MOTO Motorcycle Parts,B08MTCFJ68,B08MTCFJ68,202605,2026Q2,115,69,2517,1,True,69,2517,36.49,4.4,87.0,小号大件
B08Z2Y8BHP,ECOTRIC,B08Z2Y8BHP,B08Z2Y8BHP,202605,2026Q2,37,107,25526,1,True,107,25526,211.56,4.3,302.0,大号大件
B099RBN34B,KEMIMOTO,B099RBN34B,B099RBN34B,202605,2026Q2,36,101,10197,1,True,101,10197,99.98,4.5,175.0,大号大件
B09SX1VLFV,kucehiup,B09SX1VLFV,B09SX1VLFV,202605,2026Q2,523,72,2879,1,True,72,2879,39.99,4.3,114.0,大号标准尺寸
B09VZN5PL4,kucehiup,B09VZN5PL4,B09VZN5PL4,202605,2026Q2,180,83,1825,1,True,83,1825,21.99,4.1,79.0,大号标准尺寸
B09T6TT1Z5,WYNMOTO,B09ZJ88P9M,B09ZJ88P9M,202605,2026Q2,39,106,4134,1,True,106,4134,38.95,4.0,129.0,小号大件
B0B497K5Z2,PSLER,B0B497K5Z2,B0B497K5Z2,202605,2026Q2,77,125,6517,1,True,125,6517,54.99,4.6,103.0,小号大件
B09T6VW767,Motoforti,B0B4ZH1NCZ,B0B4ZH1NCZ,202605,2026Q2,41,91,2738,1,True,91,2738,30.09,4.0,65.0,大号标准尺寸
B0B5TMDN52,StarknightMT,B0B5TMDN52,B0B5TMDN52,202605,2026Q2,20,130,9965,1,True,130,9965,74.99,4.7,182.0,大号大件
B0BY8MMBSP,Amazicha,B0B5Z4HBYV,B0B5Z4HBYV,202605,2026Q2,10,493,23787,1,True,493,23787,49.99,4.6,1504.0,小号大件
B07Z5XYRH2,Amazicha,B0B5Z4HBYV,B0B5Z4HBYV,202605,2026Q2,8,297,8461,2,False,0,0,28.49,4.6,1509.0,小号大件
B01M273G7T,Amazicha,B0B5ZPR42C,B0B5ZPR42C,202605,2026Q2,1,667,22371,1,True,667,22371,33.99,4.4,5221.0,小号大件
B01M2ZTZIE,Amazicha,B0B5ZPR42C,B0B5ZPR42C,202605,2026Q2,1,667,21337,2,False,0,0,31.99,4.4,5221.0,小号大件
B01MF9Z9V9,Amazicha,B0B5ZPR42C,B0B5ZPR42C,202605,2026Q2,1,667,19336,3,False,0,0,28.99,4.4,5221.0,小号大件
B09T6VBJF4,Motoforti,B0B9X7VJKV,B0B9X7VJKV,202605,2026Q2,6,299,8578,1,True,299,8578,28.69,3.9,241.0,大号标准尺寸
B0BKVD1CJ4,xitomer,B0BKVD1CJ4,B0BKVD1CJ4,202605,2026Q2,40,122,1694,1,True,122,1694,13.89,4.8,148.0,大号标准尺寸
B0BRKRCVRQ,StarknightMT,B0BRKRCVRQ,B0BRKRCVRQ,202605,2026Q2,39,95,3909,1,True,95,3909,39.99,4.6,169.0,大号标准尺寸
B0C2PDZNLY,StarknightMT,B0C2PDZNLY,B0C2PDZNLY,202605,2026Q2,54,93,18822,1,True,93,18822,199.99,4.7,89.0,大号大件
B0CN9KDR1L,KEMIMOTO,B0CN9KDR1L,B0CN9KDR1L,202605,2026Q2,438,85,19250,1,True,85,19250,218.49,3.7,92.0,超大尺寸：50 到 70 磅（不含 50 磅）
B0CYQ1G4WJ,StarknightMT,B0CYQ1G4WJ,B0CYQ1G4WJ,202605,2026Q2,93,73,14597,1,True,73,14597,199.97,4.6,88.0,大号大件
B0D14G9KN4,KEMIMOTO,B0D14G9KN4,B0D14G9KN4,202605,2026Q2,61,74,8742,1,True,74,8742,119.99,4.7,44.0,大号大件
B0D1TFGLFG,ECOTRIC,B0D1TFGLFG,B0D1TFGLFG,202605,2026Q2,69,75,9803,1,True,75,9803,159.28,3.6,22.0,大号大件
B0D47GYQ43,KEMIMOTO,B0D47GYQ43,B0D47GYQ43,202605,2026Q2,43,65,4472,1,True,65,4472,59.99,4.2,59.0,大号标准尺寸
B0D4DFXXQH,StarknightMT,B0D4DFXXQH,B0D4DFXXQH,202605,2026Q2,139,107,19507,1,True,107,19507,189.99,4.0,54.0,大号大件
B08S41XKD7,KEMIMOTO,B0D7W2MHFB,B0D7W2MHFB,202605,2026Q2,9,249,28948,1,True,249,28948,109.99,4.7,635.0,大号大件
B08FC94QTQ,KEMIMOTO,B0D7W2MHFB,B0D7W2MHFB,202605,2026Q2,9,249,28672,2,False,0,0,109.99,4.7,635.0,大号大件
B0D86VHSPC,StarknightMT,B0D86VHSPC,B0D86VHSPC,202605,2026Q2,350,64,12954,1,True,64,12954,199.99,4.7,56.0,大号大件
B0D8J2M2GW,PACEWALKER,B0D8J23BJY,B0D8J23BJY,202605,2026Q2,27,9,179,1,True,9,179,19.89,3.8,108.0,大号标准尺寸
B0C6M15RQ1,Benlari,B0DF2JKWZR,B0DF2JKWZR,202605,2026Q2,229,88,2815,1,True,88,2815,31.99,4.5,71.0,小号大件
B0D7PL7LVP,ECOTRIC,B0DF4LZKJY,B0DF4LZKJY,202605,2026Q2,16,205,10452,1,True,205,10452,50.99,4.1,185.0,小号大件
B0C6M4DGM8,Benlari,B0DF6XS44H,B0DF6XS44H,202605,2026Q2,17,197,6893,1,True,197,6893,34.99,4.4,223.0,小号大件
B0C6M6VXJF,Benlari,B0DF6XS44H,B0DF6XS44H,202605,2026Q2,17,197,6893,2,False,0,0,34.99,4.4,226.0,小号大件
B07XBZN932,ECOTRIC,B0DG86HTFH,B0DG86HTFH,202605,2026Q2,14,196,16658,1,True,196,16658,84.99,4.0,462.0,大号大件
B07N4GC5RR,ECOTRIC,B0DG86HTFH,B0DG86HTFH,202605,2026Q2,15,196,18784,2,False,0,0,95.84,4.0,461.0,大号大件
B07RYLLVS1,Justech,B0DQNLHGRW,B0DQNLHGRW,202605,2026Q2,7,403,8458,1,True,403,8458,20.99,4.2,3455.0,大号标准尺寸
B0D86Q4Z1X,Justech,B0DQNLHGRW,B0DQNLHGRW,202605,2026Q2,8,380,7976,2,False,0,0,20.99,4.2,3480.0,大号标准尺寸
B0D6F81NCM,StarknightMT,B0DQZKF4SX,B0DQZKF4SX,202605,2026Q2,22,193,56361,1,True,193,56361,379.99,4.2,79.0,大号大件
B0DQTSCS9T,StarknightMT,B0DT3MCFBD,B0DT3MCFBD,202605,2026Q2,2,441,51442,1,True,441,51442,109.97,4.8,394.0,大号大件
B0BCJP9XGW,StarknightMT,B0DT3MCFBD,B0DT3MCFBD,202605,2026Q2,2,418,45470,2,False,0,0,93.56,4.8,391.0,大号大件
B0BN2XBGPS,StarknightMT,B0DT3MCFBD,B0DT3MCFBD,202605,2026Q2,2,418,41921,3,False,0,0,95.97,4.8,391.0,大号大件
B0DT8ZQPF6,BOSYCY,B0DT941WGM,B0DT941WGM,202605,2026Q2,22,265,32857,1,True,265,32857,123.99,4.4,69.0,小号大件
B09MM87GXM,KEMIMOTO,B0DXFHHDYW,B0DXFHHDYW,202605,2026Q2,58,114,15958,1,True,114,15958,139.99,4.3,283.0,大号大件
B0BGLSWTCV,KEMIMOTO,B0DYD5HZCS,B0DYD5HZCS,202605,2026Q2,6,220,17795,1,True,220,17795,70.99,4.2,271.0,大号标准尺寸
B0F8Z997C4,Dawnjaccee,B0F8Z997C4,B0F8Z997C4,202605,2026Q2,56,111,5533,1,True,111,5533,49.85,4.4,26.0,大号标准尺寸
B0F4QFY614,Benlari,B0F9L7L8T8,B0F9L7L8T8,202605,2026Q2,102,67,2009,1,True,67,2009,29.99,4.2,45.0,小号大件
B0FC6GGJKM,KEMIMOTO,B0FC6GGJKM,B0FC6GGJKM,202605,2026Q2,122,73,16188,1,True,73,16188,219.99,4.7,21.0,超大尺寸：0 至 50 磅
B0FCFT6YMY,KEMIMOTO,B0FCFT6YMY,B0FCFT6YMY,202605,2026Q2,29,78,31199,1,True,78,31199,399.99,4.7,33.0,超大尺寸：0 至 50 磅
B0F1N5WZTX,KEMIMOTO,B0FFB7DR5K,B0FFB7DR5K,202605,2026Q2,26,141,29055,1,True,141,29055,199.99,4.6,32.0,大号大件
B0CBVBPXJ3,KEMIMOTO,B0FFB7DR5K,B0FFB7DR5K,202605,2026Q2,27,132,40031,2,False,0,0,299.99,4.4,45.0,大号大件
B0FG2N5LJD,DREAMIZER,B0FG2ML1YR,B0FG2ML1YR,202605,2026Q2,162,55,3849,1,True,55,3849,69.99,3.3,17.0,小号大件
B07VVXV8BR,ECOTRIC,B0FG38D9YP,B0FG38D9YP,202605,2026Q2,135,88,7039,1,True,88,7039,79.99,3.9,180.0,大号大件
B0B1ZNVS2R,StarknightMT,B0FJ5H953B,B0FJ5H953B,202605,2026Q2,56,108,10947,1,True,108,10947,99.98,4.5,65.0,大号大件
B0FJ8PNW5G,StarknightMT,B0FL1PR33M,B0FL1PR33M,202605,2026Q2,15,144,6766,1,True,144,6766,46.99,4.2,31.0,大号标准尺寸
B0DJW3D7NY,PSLER,B0FL6LMMM3,B0FL6LMMM3,202605,2026Q2,15,139,5337,1,True,139,5337,36.79,4.4,33.0,大号标准尺寸
B0FCS7NPTY,Amazicha,B0FL7WRYWQ,B0FL7WRYWQ,202605,2026Q2,2,510,26433,1,True,510,26433,49.99,4.3,3291.0,小号大件
B01M4M3FKA,Amazicha,B0FL7WRYWQ,B0FL7WRYWQ,202605,2026Q2,3,490,16444,2,False,0,0,35.9,4.3,3289.0,小号大件
B01HZLJOP8,Amazicha,B0FL7WRYWQ,B0FL7WRYWQ,202605,2026Q2,3,490,15827,3,False,0,0,32.99,4.3,3290.0,小号大件
B086MGHFXB,KEMIMOTO,B0FMQYVCWV,B0FMQYVCWV,202605,2026Q2,67,97,7572,1,True,97,7572,74.99,4.2,189.0,大号大件
B0FMXNXN7M,KEMIMOTO,B0FMXNXN7M,B0FMXNXN7M,202605,2026Q2,178,47,13262,1,True,47,13262,289.99,4.9,16.0,超大尺寸：50 到 70 磅（不含 50 磅）
B0DP7LMVN6,KEMIMOTO,B0FXX97C14,B0FXX97C14,202605,2026Q2,263,92,11803,1,True,92,11803,129.99,4.8,38.0,大号大件
B07Q1ZT78Z,KEMIMOTO,B0G1SX8QKK,B0G1SX8QKK,202605,2026Q2,5,221,37119,1,True,221,37119,159.98,4.3,197.0,大号大件
B0BL11XRNG,StarknightMT,B0G2PMWBTJ,B0G2PMWBTJ,202605,2026Q2,17,164,24552,1,True,164,24552,133.17,4.5,127.0,大号大件
B0DTPMZZD2,PSLER,B0G5F8QRD3,B0G5F8QRD3,202605,2026Q2,54,139,6858,1,True,139,6858,48.99,4.4,50.0,大号标准尺寸
B0DPSL2CF5,PSLER,B0G5FWKRPQ,B0G5FWKRPQ,202605,2026Q2,35,132,5895,1,True,132,5895,44.99,4.5,52.0,大号标准尺寸
B0D5R1MVVK,StarknightMT,B0GG9WYNSN,B0GG9WYNSN,202605,2026Q2,109,106,12227,1,True,106,12227,110.99,4.6,94.0,大号大件
B09QFL93C1,WYNMOTO,B0GT9P8YRM,B0GT9P8YRM,202605,2026Q2,4,475,14701,1,True,475,14701,30.95,4.6,1741.0,小号大件
B0B1ZY67CV,WYNMOTO,B0GT9P8YRM,B0GT9P8YRM,202605,2026Q2,4,475,14482,2,False,0,0,30.49,4.6,1727.0,小号大件
B07MR9FTDK,PSLER,B0GTYL34QS,B0GTYL34QS,202605,2026Q2,76,140,3781,1,True,140,3781,27.99,4.4,134.0,大号标准尺寸
B0BBR7Q23X,WYNMOTO,B0GXTVQ4GN,B0GXTVQ4GN,202605,2026Q2,27,166,6963,1,True,166,6963,41.95,4.2,835.0,小号大件
B0FHB5VDPY,ZENTHOR,B0GZG8R5S3,B0GZG8R5S3,202605,2026Q2,24,198,6730,1,True,198,6730,33.99,4.2,34.0,小号大件
B01N36VVXG,ECOTRIC,B01N36VVXG,B01N36VVXG,202606,2026Q2,195,73,10133,1,True,73,10133,139.0,4.1,324.0,大号大件
B07437NZZZ,PSLER,B07437NZZZ,B07437NZZZ,202606,2026Q2,180,63,1499,1,True,63,1499,23.99,4.5,61.0,大号标准尺寸
B076BHDJ14,ECOTRIC,B076BHDJ14,B076BHDJ14,202606,2026Q2,141,98,7404,1,True,98,7404,75.56,3.9,387.0,小号大件
B07WFFR2XD,KEMIMOTO,B07WFFR2XD,B07WFFR2XD,202606,2026Q2,44,102,4690,1,True,102,4690,45.99,4.6,569.0,小号大件
B081CDTZ8W,KEMIMOTO,B081CDTZ8W,B081CDTZ8W,202606,2026Q2,145,51,6092,1,True,51,6092,117.31,4.0,109.0,大号大件
B088FQ4842,Green-L,B089KHVZC9,B089KHVZC9,202606,2026Q2,219,86,7713,1,True,86,7713,89.69,4.5,79.0,
B08MTCFJ68,XMT-MOTO Motorcycle Parts,B08MTCFJ68,B08MTCFJ68,202606,2026Q2,187,79,2882,1,True,79,2882,36.49,4.5,91.0,小号大件
B08Z2Y8BHP,ECOTRIC,B08Z2Y8BHP,B08Z2Y8BHP,202606,2026Q2,243,113,24308,1,True,113,24308,211.56,4.3,305.0,大号大件
B099RBN34B,KEMIMOTO,B099RBN34B,B099RBN34B,202606,2026Q2,22,134,13304,1,True,134,13304,99.99,4.5,176.0,大号大件
B09VZN5PL4,kucehiup,B09VZN5PL4,B09VZN5PL4,202606,2026Q2,271,74,1651,1,True,74,1651,22.99,4.2,83.0,大号标准尺寸
B09XXNHWT5,HECASA,B09XXNHWT5,B09XXNHWT5,202606,2026Q2,223,94,7116,1,True,94,7116,73.5,4.1,86.0,小号大件
B09T6TT1Z5,WYNMOTO,B09ZJ88P9M,B09ZJ88P9M,202606,2026Q2,59,90,3505,1,True,90,3505,38.95,4.2,135.0,小号大件
B0B497K5Z2,PSLER,B0B497K5Z2,B0B497K5Z2,202606,2026Q2,24,135,6818,1,True,135,6818,47.49,4.6,106.0,小号大件
B09T6VW767,Motoforti,B0B4ZH1NCZ,B0B4ZH1NCZ,202606,2026Q2,185,82,2477,1,True,82,2477,30.49,4.0,65.0,大号标准尺寸
B0B5TMDN52,StarknightMT,B0B5TMDN52,B0B5TMDN52,202606,2026Q2,29,128,10572,1,True,128,10572,82.99,4.7,189.0,大号大件
B0BY8MMBSP,Amazicha,B0B5Z4HBYV,B0B5Z4HBYV,202606,2026Q2,8,290,13902,1,True,290,13902,49.99,4.6,1514.0,小号大件
B07Z5XYRH2,Amazicha,B0B5Z4HBYV,B0B5Z4HBYV,202606,2026Q2,7,280,8181,2,False,0,0,29.99,4.6,1516.0,小号大件
B01M273G7T,Amazicha,B0B5ZPR42C,B0B5ZPR42C,202606,2026Q2,3,684,23249,1,True,684,23249,33.99,4.5,5260.0,小号大件
B01M2ZTZIE,Amazicha,B0B5ZPR42C,B0B5ZPR42C,202606,2026Q2,3,684,21881,2,False,0,0,31.99,4.5,5257.0,小号大件
B01MF9Z9V9,Amazicha,B0B5ZPR42C,B0B5ZPR42C,202606,2026Q2,3,684,20540,3,False,0,0,32.99,4.5,5260.0,小号大件
B09T6VBJF4,Motoforti,B0B9X7VJKV,B0B9X7VJKV,202606,2026Q2,12,241,6960,1,True,241,6960,29.09,3.9,250.0,大号标准尺寸
B0BKVD1CJ4,xitomer,B0BKVD1CJ4,B0BKVD1CJ4,202606,2026Q2,132,120,1666,1,True,120,1666,13.89,4.8,153.0,大号标准尺寸
B0BN86S19F,KEMIMOTO,B0BN86S19F,B0BN86S19F,202606,2026Q2,48,77,5259,1,True,77,5259,61.17,4.5,99.0,大号标准尺寸
B0BRKRCVRQ,StarknightMT,B0BRKRCVRQ,B0BRKRCVRQ,202606,2026Q2,35,106,4286,1,True,106,4286,39.99,4.5,180.0,大号标准尺寸
B0C2PDZNLY,StarknightMT,B0C2PDZNLY,B0C2PDZNLY,202606,2026Q2,65,132,26770,1,True,132,26770,199.99,4.6,94.0,大号大件
B0CDRZR574,StarknightMT,B0CDRZR574,B0CDRZR574,202606,2026Q2,233,66,3282,1,True,66,3282,49.99,4.7,50.0,大号标准尺寸
B0CN9KDR1L,KEMIMOTO,B0CN9KDR1L,B0CN9KDR1L,202606,2026Q2,18,131,28603,1,True,131,28603,215.99,3.7,93.0,大号大件
B0CWV89BG3,PSLER,B0CWV89BG3,B0CWV89BG3,202606,2026Q2,186,55,994,1,True,55,994,17.99,4.6,29.0,大号标准尺寸
B0CYSQBYLQ,StarknightMT,B0CYSQBYLQ,B0CYSQBYLQ,202606,2026Q2,138,66,11315,1,True,66,11315,169.99,4.1,67.0,大号大件
B0D14G9KN4,KEMIMOTO,B0D14G9KN4,B0D14G9KN4,202606,2026Q2,205,65,7057,1,True,65,7057,105.99,4.7,45.0,大号大件
B0D1TFGLFG,ECOTRIC,B0D1TFGLFG,B0D1TFGLFG,202606,2026Q2,44,61,8289,1,True,61,8289,124.99,3.7,23.0,大号大件
B0D47GYQ43,KEMIMOTO,B0D47GYQ43,B0D47GYQ43,202606,2026Q2,72,109,7083,1,True,109,7083,69.99,4.2,62.0,大号标准尺寸
B0CFTZQZTN,BOSYCY,B0D78FV5NX,B0D78FV5NX,202606,2026Q2,31,131,16486,1,True,131,16486,127.99,4.6,111.0,小号大件
B08FC94QTQ,KEMIMOTO,B0D7W2MHFB,B0D7W2MHFB,202606,2026Q2,10,303,36672,1,True,303,36672,129.99,4.7,646.0,大号大件
B08S41XKD7,KEMIMOTO,B0D7W2MHFB,B0D7W2MHFB,202606,2026Q2,10,303,36214,2,False,0,0,149.99,4.7,646.0,大号大件
B0DDXYJGNG,KEMIMOTO,B0DDXYJGNG,B0DDXYJGNG,202606,2026Q2,229,57,16250,1,True,57,16250,284.99,4.6,21.0,大号大件
B0D7PCBM96,ECOTRIC,B0DF4LZKJY,B0DF4LZKJY,202606,2026Q2,7,292,14246,1,True,292,14246,44.81,3.9,191.0,小号大件
B0D7PL7LVP,ECOTRIC,B0DF4LZKJY,B0DF4LZKJY,202606,2026Q2,7,292,14156,2,False,0,0,40.79,3.9,190.0,小号大件
B0C6M6VXJF,Benlari,B0DF6XS44H,B0DF6XS44H,202606,2026Q2,11,210,7347,1,True,210,7347,34.99,4.4,233.0,小号大件
B0C6M4DGM8,Benlari,B0DF6XS44H,B0DF6XS44H,202606,2026Q2,11,210,7347,2,False,0,0,34.99,4.4,234.0,小号大件
B07XBZN932,ECOTRIC,B0DG86HTFH,B0DG86HTFH,202606,2026Q2,15,198,16685,1,True,198,16685,84.99,4.0,471.0,大号大件
B07RYLLVS1,Justech,B0DQNLHGRW,B0DQNLHGRW,202606,2026Q2,13,353,7515,1,True,353,7515,21.59,4.2,3516.0,大号标准尺寸
B0D86Q4Z1X,Justech,B0DQNLHGRW,B0DQNLHGRW,202606,2026Q2,10,352,7529,2,False,0,0,21.99,4.2,3515.0,大号标准尺寸
B0D6F81NCM,StarknightMT,B0DQZKF4SX,B0DQZKF4SX,202606,2026Q2,21,262,73855,1,True,262,73855,289.99,4.3,86.0,大号大件
B0DQTSCS9T,StarknightMT,B0DT3MCFBD,B0DT3MCFBD,202606,2026Q2,1,380,46173,1,True,380,46173,109.97,4.7,408.0,大号大件
B0BCJP9XGW,StarknightMT,B0DT3MCFBD,B0DT3MCFBD,202606,2026Q2,2,358,36594,2,False,0,0,93.56,4.7,408.0,大号大件
B0BN2XBGPS,StarknightMT,B0DT3MCFBD,B0DT3MCFBD,202606,2026Q2,8,272,27425,3,False,0,0,99.99,4.7,406.0,大号大件
B0DT8ZQPF6,BOSYCY,B0DT941WGM,B0DT941WGM,202606,2026Q2,23,184,23182,1,True,184,23182,127.99,4.3,76.0,小号大件
B0DTJVMZFB,Amazicha,B0DTJVMZFB,B0DTJVMZFB,202606,2026Q2,161,91,4606,1,True,91,4606,54.99,4.5,70.0,小号大件
B0DWFDZVX2,StarknightMT,B0DWFDZVX2,B0DWFDZVX2,202606,2026Q2,246,84,18789,1,True,84,18789,219.99,4.4,38.0,大号大件
B0BGLSWTCV,KEMIMOTO,B0DYD5HZCS,B0DYD5HZCS,202606,2026Q2,6,332,26862,1,True,332,26862,85.99,4.3,281.0,大号标准尺寸
B09QFL93C1,WYNMOTO,B0F3HZGKR5,B0F3HZGKR5,202606,2026Q2,5,25,768,1,True,25,768,28.95,4.6,1755.0,小号大件
B0B1ZY67CV,WYNMOTO,B0F3HZGKR5,B0F3HZGKR5,202606,2026Q2,7,25,762,2,False,0,0,30.49,4.6,1753.0,小号大件
B0F4JFF7YW,VINTGMT,B0F4HY2WT8,B0F4HY2WT8,202606,2026Q2,11,108,13868,1,True,108,13868,129.99,4.6,27.0,小号大件
B0F8Z997C4,Dawnjaccee,B0F8Z997C4,B0F8Z997C4,202606,2026Q2,83,114,5682,1,True,114,5682,49.85,4.5,28.0,大号标准尺寸
B0FCFT6YMY,KEMIMOTO,B0FCFT6YMY,B0FCFT6YMY,202606,2026Q2,147,81,32399,1,True,81,32399,399.99,4.7,35.0,超大尺寸：0 至 50 磅
B0CBVBPXJ3,KEMIMOTO,B0FFB7DR5K,B0FFB7DR5K,202606,2026Q2,10,202,65726,1,True,202,65726,369.99,4.4,46.0,大号大件
B0F1N5WZTX,KEMIMOTO,B0FFB7DR5K,B0FFB7DR5K,202606,2026Q2,25,202,42662,2,False,0,0,229.99,4.5,34.0,大号大件
B07VVXV8BR,ECOTRIC,B0FG38D9YP,B0FG38D9YP,202606,2026Q2,87,69,5519,1,True,69,5519,79.99,3.8,184.0,大号大件
B0FJ8PNW5G,StarknightMT,B0FL1PR33M,B0FL1PR33M,202606,2026Q2,45,166,7735,1,True,166,7735,45.59,3.9,37.0,大号标准尺寸
B0DJW3D7NY,PSLER,B0FL6LMMM3,B0FL6LMMM3,202606,2026Q2,15,159,5614,1,True,159,5614,34.84,4.5,39.0,大号标准尺寸
B01HZLJOP8,Amazicha,B0FL7WRYWQ,B0FL7WRYWQ,202606,2026Q2,5,499,16836,1,True,499,16836,33.99,4.3,3316.0,小号大件
B01HZM2Z76,Amazicha,B0FL7WRYWQ,B0FL7WRYWQ,202606,2026Q2,5,499,15583,2,False,0,0,29.99,4.3,3316.0,小号大件
B01M4M3FKA,Amazicha,B0FL7WRYWQ,B0FL7WRYWQ,202606,2026Q2,1,490,16983,3,False,0,0,33.99,4.3,3316.0,小号大件
B086MGHFXB,KEMIMOTO,B0FMQYVCWV,B0FMQYVCWV,202606,2026Q2,46,110,8661,1,True,110,8661,74.99,4.2,193.0,大号大件
B0FYDYM26G,ZUCIVI,B0FYDV7XDR,B0FYDV7XDR,202606,2026Q2,1773,0,0,1,True,0,0,41.57,0.0,0.0,
B07Q1ZT78Z,KEMIMOTO,B0G1SX8QKK,B0G1SX8QKK,202606,2026Q2,17,225,41215,1,True,225,41215,199.99,4.4,199.0,大号大件
B0BL11XRNG,StarknightMT,B0G2PMWBTJ,B0G2PMWBTJ,202606,2026Q2,21,86,13305,1,True,86,13305,149.99,4.5,131.0,大号大件
B0FC78CB7V,PROFX,B0G2T1CNZS,B0G2T1CNZS,202606,2026Q2,87,55,6049,1,True,55,6049,109.99,4.2,23.0,
B0DTPMZZD2,PSLER,B0G5F8QRD3,B0G5F8QRD3,202606,2026Q2,32,166,7551,1,True,166,7551,44.99,4.5,57.0,大号标准尺寸
B0DPSL2CF5,PSLER,B0G5FWKRPQ,B0G5FWKRPQ,202606,2026Q2,35,149,6077,1,True,149,6077,39.99,4.5,58.0,大号标准尺寸
B0GCH7FT63,StarknightMT,B0GCH7FT63,B0GCH7FT63,202606,2026Q2,101,76,14439,1,True,76,14439,189.99,4.8,8.0,大号大件
B0G48T81Z5,Tvitano,B0GFCHCYQD,B0GFCHCYQD,202606,2026Q2,6,213,7521,1,True,213,7521,35.99,4.0,22.0,小号大件
B0D5R1MVVK,StarknightMT,B0GG9WYNSN,B0GG9WYNSN,202606,2026Q2,64,114,12127,1,True,114,12127,105.99,4.6,101.0,大号大件
B0D8J2M2GW,PACEWALKER,B0GR56MW91,B0GR56MW91,202606,2026Q2,935,88,1806,1,True,88,1806,21.89,3.9,117.0,大号标准尺寸
B07MR9FTDK,PSLER,B0GTYL34QS,B0GTYL34QS,202606,2026Q2,76,121,3112,1,True,121,3112,25.64,4.5,139.0,大号标准尺寸
B0BDD7GWGR,StarknightMT,B0GVS67DS6,B0GVS67DS6,202606,2026Q2,30,88,11439,1,True,88,11439,129.99,4.4,131.0,大号大件
B0BBR7Q23X,WYNMOTO,B0GXTVQ4GN,B0GXTVQ4GN,202606,2026Q2,31,202,8473,1,True,202,8473,41.95,4.2,843.0,小号大件
B0DS2B1SVT,MDPROMCP,B0H3K97YY8,B0H3K97YY8,202606,2026Q2,52,90,14673,1,True,90,14673,159.99,4.3,66.0,大号大件
B0D4DFXXQH,StarknightMT,B0H4V725XB,B0H4V725XB,202606,2026Q2,51,100,18999,1,True,100,18999,189.99,4.1,87.0,大号大件
B0DD7KFNG6,StarknightMT,B0H6VWXP4B,B0H6VWXP4B,202606,2026Q2,30,134,33668,1,True,134,33668,269.99,4.3,48.0,超大尺寸：0 至 50 磅

